{"batch loss": 3.249345302581787, "_timestamp": 1658261069, "_runtime": 33, "_step": 20, "avg loss over epoch": 3.7133174896240235, "epoch": 0}