{"batch loss": 1.1738536357879639, "_timestamp": 1657303294, "_runtime": 235, "_step": 4039, "loss": 1.1612235552072525, "epoch": 39, "_wandb": {"runtime": 235}}