{"batch loss": 2.656724214553833, "_timestamp": 1657220463, "_runtime": 124, "_step": 779, "loss": 2.65103440284729, "epoch": 29, "_wandb": {"runtime": 126}}