{"batch loss": 0.03669660538434982, "_timestamp": 1658169325, "_runtime": 92, "_step": 524, "loss": 0.05545296202249387, "epoch": 14, "_wandb": {"runtime": 94}}