{"batch loss": 16.0743350982666, "_timestamp": 1657222386, "_runtime": 115, "_step": 629, "loss": 17.231835508346556, "epoch": 29, "_wandb": {"runtime": 119}}