{"batch loss": 0.4157656133174896, "_timestamp": 1658169999, "_runtime": 101, "_step": 1514, "loss": 0.47975570559501646, "epoch": 14, "_wandb": {"runtime": 101}}