{"batch loss": 3.0264861583709717, "_timestamp": 1657305380, "_runtime": 164, "_step": 2039, "loss": 2.971741216182709, "epoch": 39, "_wandb": {"runtime": 166}}