{"batch loss": 2.53057599067688, "_timestamp": 1658331519, "_runtime": 6, "_step": 50, "avg loss over epoch": 2.885127515792847, "epoch": 0, "_wandb": {"runtime": 8}}