{"batch loss": 3.357596870046109e-05, "_timestamp": 1658353723, "_runtime": 36, "_step": 458, "avg loss over epoch": 5.0013144900731276e-05, "epoch": 8}