{"batch loss": 0.0164810661226511, "_timestamp": 1658170522, "_runtime": 95, "_step": 764, "loss": 0.01299599489197135, "epoch": 14, "_wandb": {"runtime": 95}}