{"batch loss": 8.196673393249512, "_timestamp": 1657305533, "_runtime": 144, "_step": 1039, "loss": 10.722692642211914, "epoch": 39, "_wandb": {"runtime": 146}}