{"batch loss": 0.1125105693936348, "_timestamp": 1658170205, "_runtime": 91, "_step": 389, "loss": 0.10336854636669159, "epoch": 14, "_wandb": {"runtime": 92}}