{"batch loss": 3.0616652965545654, "_timestamp": 1660073610, "_runtime": 185, "_step": 8003, "avg loss over epoch": 2.9053546058908104, "epoch": 3, "_wandb": {"runtime": 475}}