{"batch loss": 1.177825689315796, "_timestamp": 1657220592, "_runtime": 119, "_step": 1529, "loss": 0.9433966857194901, "epoch": 29, "_wandb": {"runtime": 121}}