{"batch loss": 3.7861828804016113, "_timestamp": 1660075066, "_runtime": 192, "_step": 8003, "avg loss over epoch": 2.9060845699459312, "epoch": 3}