{"batch loss": 0.16959063708782196, "_timestamp": 1659970714, "_runtime": 94, "_step": 4001, "loss": 0.22484196870413142, "epoch": 1, "_wandb": {"runtime": 142}}