{"batch loss": 0.7493001818656921, "_timestamp": 1658169205, "_runtime": 117, "_step": 1514, "loss": 1.623385914415121, "epoch": 14, "_wandb": {"runtime": 118}}