{"batch loss": 0.0005562484147958457, "_timestamp": 1658350033, "_runtime": 32, "_step": 101, "avg loss over epoch": 0.0002842288077954436, "epoch": 1, "_wandb": {"runtime": 39}}