{"batch loss": 8.757622718811035, "_timestamp": 1660061563, "_runtime": 31, "_step": 1202, "loss": 8.610254130363465, "epoch": 2, "_wandb": {"runtime": 33}}