{"batch loss": 7.031374454498291, "_timestamp": 1660061503, "_runtime": 34, "_step": 3002, "loss": 8.61025411272049, "epoch": 2}