{"batch loss": 8.87602710723877, "_timestamp": 1658175156, "_runtime": 6, "_step": 100, "loss": 188.8626975250244, "epoch": 0}