{"batch loss": 3.0281972885131836, "_timestamp": 1658169778, "_runtime": 103, "_step": 389, "loss": 3.013777618408203, "epoch": 14, "_wandb": {"runtime": 103}}