{"batch loss": 2.6476378440856934, "_timestamp": 1657214029, "_runtime": 37, "_step": 50, "loss": 10.996884863376618, "epoch": 0, "_wandb": {"runtime": 40}}