{"batch loss": 2.907695770263672, "_timestamp": 1658261468, "_runtime": 18, "_step": 20, "avg loss over epoch": 3.6458051562309266, "epoch": 0}