{"batch loss": 7.8146653175354, "_timestamp": 1659974571, "_runtime": 154, "_step": 4001, "loss": 8.610254098653794, "epoch": 1, "_wandb": {"runtime": 155}}