{"batch loss": 0.24931380152702332, "_timestamp": 1659975681, "_runtime": 28, "_step": 2001, "loss": 0.43546985287964346, "epoch": 1, "_wandb": {"runtime": 38}}