{"batch loss": 0.455124169588089, "_timestamp": 1660148813, "_runtime": 18, "_step": 500, "loss": 1.4807118822038174, "epoch": 0, "_wandb": {"runtime": 156}}