{"batch loss": 3.8368420600891113, "_timestamp": 1657303950, "_runtime": 43, "_step": 209, "loss": 3.0575052976608275, "epoch": 9, "_wandb": {"runtime": 45}}