{"batch loss": 6.781694412231445, "_timestamp": 1657214289, "_runtime": 21, "_step": 100, "loss": 231.32568382501603, "epoch": 0, "_wandb": {"runtime": 20}}