{"batch loss": 3.4695940017700195, "_timestamp": 1658261931, "_runtime": 11, "_step": 20, "avg loss over epoch": 3.6854707479476927, "epoch": 0}