{"batch loss": 10.350293159484863, "_timestamp": 1660072253, "_runtime": 353, "_step": 1603, "avg loss over epoch": 8.50600426197052, "epoch": 3}