{"batch loss": 6.562465190887451, "_timestamp": 1659970265, "_runtime": 47, "_step": 4001, "loss": 8.610254132270812, "epoch": 1, "_wandb": {"runtime": 49}}