{"batch loss": 0.054563894867897034, "_timestamp": 1660071283, "_runtime": 127, "_step": 3002, "loss": 0.1463451600302942, "epoch": 2, "_wandb": {"runtime": 135}}