{"batch loss": 0.01755235530436039, "_timestamp": 1658170103, "_runtime": 92, "_step": 764, "loss": 0.01792985404841602, "epoch": 14, "_wandb": {"runtime": 93}}