{"batch loss": 3.274174690246582, "_timestamp": 1658264096, "_runtime": 19, "_step": 41, "avg loss over epoch": 3.0302874028682707, "epoch": 1, "_wandb": {"runtime": 34}}