{"batch loss": 4.062577724456787, "_timestamp": 1658260941, "_runtime": 17, "_step": 20, "avg loss over epoch": 3.7661611557006838, "epoch": 0}