{"batch loss": 0.005371158476918936, "_timestamp": 1658768355, "_runtime": 246, "_step": 33399, "avg loss over epoch": 0.007324647097296823, "epoch": 49, "_wandb": {"runtime": 248}}