{"batch loss": 0.00017029535956680775, "_timestamp": 1658338006, "_runtime": 1652, "_step": 25499, "avg loss over epoch": 0.0001689616171643138, "epoch": 499, "_wandb": {"runtime": 1653}}