{"batch loss": 1.8877543210983276, "_timestamp": 1659975447, "_runtime": 28, "_step": 801, "loss": 2.3909560242295265, "epoch": 1, "_wandb": {"runtime": 40}}