{"batch loss": 2.593303918838501, "_timestamp": 1660156858, "_runtime": 69, "_step": 8003, "avg loss over epoch": 3.855306484550238, "epoch": 3, "_wandb": {"runtime": 86}}