{"batch loss": 6.852395057678223, "_timestamp": 1660071634, "_runtime": 63, "_step": 1603, "loss": 8.50600426375866, "epoch": 3, "_wandb": {"runtime": 70}}