{"batch loss": 4.493113994598389, "_timestamp": 1657305034, "_runtime": 44, "_step": 349, "loss": 3.0514093917958878, "epoch": 9, "_wandb": {"runtime": 46}}