{"batch loss": 0.079412542283535, "_timestamp": 1660058691, "_runtime": 35, "_step": 1502, "avg loss over epoch": 0.08826687835901975, "epoch": 2}