{"batch loss": 2.4173243045806885, "_timestamp": 1658259474, "_runtime": 9, "_step": 25, "loss": 3.839017162322998, "epoch": 0, "_wandb": {"runtime": 15}}