{"batch loss": 15.598081588745117, "_timestamp": 1659974887, "_runtime": 41, "_step": 4001, "loss": 8.898783119618892, "epoch": 1, "_wandb": {"runtime": 43}}