{"batch loss": 5.15203857421875, "_timestamp": 1657219247, "_runtime": 173, "_step": 4039, "loss": 3.8005106818675993, "epoch": 39, "_wandb": {"runtime": 175}}