{"batch loss": 4.29043436050415, "_timestamp": 1657305693, "_runtime": 150, "_step": 839, "loss": 3.0012227416038515, "epoch": 39, "_wandb": {"runtime": 153}}