{"batch loss": 14.179604530334473, "_timestamp": 1659974934, "_runtime": 32, "_step": 4001, "loss": 8.8987831274122, "epoch": 1, "_wandb": {"runtime": 33}}