{"batch loss": 4.928680419921875, "_timestamp": 1658177417, "_runtime": 33, "_step": 69, "loss": 3.366214857381933, "epoch": 1, "_wandb": {"runtime": 39}}