{"batch loss": 0.11478651314973831, "_timestamp": 1660056394, "_runtime": 422, "_step": 1001, "avg loss over epoch": 0.11176695689558983, "epoch": 1}