{"batch loss": 7.021230220794678, "_timestamp": 1659974607, "_runtime": 26, "_step": 1335, "loss": 8.609459986393599, "epoch": 1, "_wandb": {"runtime": 27}}