{"batch loss": 8.303348541259766, "_timestamp": 1657219455, "_runtime": 154, "_step": 839, "loss": 7.866302108764648, "epoch": 39, "_wandb": {"runtime": 156}}