{"batch loss": 2.9639294147491455, "_timestamp": 1658170638, "_runtime": 103, "_step": 314, "loss": 3.0102004528045656, "epoch": 14, "_wandb": {"runtime": 104}}