{"batch loss": 3.04742169380188, "_timestamp": 1657303838, "_runtime": 157, "_step": 1399, "loss": 3.070158337845522, "epoch": 39, "_wandb": {"runtime": 159}}