{"batch loss": 13.463165283203125, "_timestamp": 1657304002, "_runtime": 44, "_step": 349, "loss": 15.513644050149356, "epoch": 9, "_wandb": {"runtime": 44}}