{"batch loss": 0.04869764670729637, "_timestamp": 1657305203, "_runtime": 157, "_step": 1399, "loss": 0.29781265786903743, "epoch": 39, "_wandb": {"runtime": 159}}