{"batch loss": 3.765697956085205, "_timestamp": 1657304709, "_runtime": 42, "_step": 509, "loss": 2.9666848182678223, "epoch": 9, "_wandb": {"runtime": 44}}