{"batch loss": 8.474220275878906, "_timestamp": 1660153449, "_runtime": 98, "_step": 2671, "avg loss over epoch": 8.924620268048196, "epoch": 3}