{"batch loss": 4.347106456756592, "_timestamp": 1657304607, "_runtime": 43, "_step": 349, "loss": 3.3464282330344703, "epoch": 9, "_wandb": {"runtime": 44}}