{"batch loss": 3.1094014644622803, "_timestamp": 1658169077, "_runtime": 123, "_step": 764, "loss": 2.9800809955596925, "epoch": 14, "_wandb": {"runtime": 124}}