{"batch loss": 7.414331436157227, "_timestamp": 1659837261, "_runtime": 147, "_step": 4001, "loss": 8.506004265606403, "epoch": 1, "_wandb": {"runtime": 148}}