{"batch loss": 4.060511589050293, "_timestamp": 1660158740, "_runtime": 43, "_step": 4001, "avg loss over epoch": 3.8556287580132484, "epoch": 1, "_wandb": {"runtime": 107}}