{"batch loss": 4.4507421989692375e-05, "_timestamp": 1658352016, "_runtime": 27, "_step": 101, "avg loss over epoch": 8.489560590533074e-05, "epoch": 1}