{"batch loss": 5.301835699356161e-05, "_timestamp": 1658353030, "_runtime": 229, "_step": 3518, "avg loss over epoch": 5.326740078089642e-05, "epoch": 68}