{"batch loss": 2.770026206970215, "_timestamp": 1657216413, "_runtime": 15, "_step": 34, "loss": 5.034330119104946, "epoch": 0, "_wandb": {"runtime": 14}}