{"batch loss": 0.055458035320043564, "_timestamp": 1660058930, "_runtime": 100, "_step": 5009, "avg loss over epoch": 0.046503471869975326, "epoch": 9, "_wandb": {"runtime": 104}}