{"batch loss": 7.945532706798986e-05, "_timestamp": 1658349730, "_runtime": 29, "_step": 50, "avg loss over epoch": 0.00010240523180982564, "epoch": 0, "_wandb": {"runtime": 27}}