{"batch loss": 0.32787054777145386, "_timestamp": 1658524323, "_runtime": 483, "_step": 4354, "avg loss over epoch": 0.14560782865894412, "epoch": 12}