{"batch loss": 2.824449300765991, "_timestamp": 1658329492, "_runtime": 84, "_step": 41, "avg loss over epoch": 3.0572803139686586, "epoch": 1, "_wandb": {"runtime": 128}}