{"batch loss": 3.5813000202178955, "_timestamp": 1657214247, "_runtime": 20, "_step": 100, "loss": 4.889550230503082, "epoch": 0, "_wandb": {"runtime": 25}}