{"batch loss": 1.6719673871994019, "_timestamp": 1657220321, "_runtime": 162, "_step": 4039, "loss": 1.7301147872209548, "epoch": 39, "_wandb": {"runtime": 164}}