{"batch loss": 3.7416069507598877, "_timestamp": 1660075282, "_runtime": 88, "_step": 8003, "avg loss over epoch": 2.905617235690355, "epoch": 3, "_wandb": {"runtime": 97}}