{"batch loss": 11.215627670288086, "_timestamp": 1660061929, "_runtime": 11, "_step": 1000, "loss": 9.025383656978606, "epoch": 0}