{"batch loss": 0.046480435878038406, "_timestamp": 1657219542, "_runtime": 77, "_step": 1019, "loss": 0.10067834664136172, "epoch": 19, "_wandb": {"runtime": 78}}