{"batch loss": 3.090924024581909, "_timestamp": 1658523025, "_runtime": 113, "_step": 4019, "avg loss over epoch": 2.966379667470555, "epoch": 11}