{"batch loss": 8.983549118041992, "_timestamp": 1659977058, "_runtime": 29, "_step": 2001, "loss": 8.506004263937474, "epoch": 1, "_wandb": {"runtime": 31}}