{"batch loss": 16.863216400146484, "_timestamp": 1657304812, "_runtime": 42, "_step": 509, "loss": 15.878304080963135, "epoch": 9, "_wandb": {"runtime": 44}}