{"batch loss": 4.838334560394287, "_timestamp": 1660154437, "_runtime": 206, "_step": 8003, "avg loss over epoch": 3.8509160885214806, "epoch": 3}