{"batch loss": 9.035263061523438, "_timestamp": 1660062611, "_runtime": 43, "_step": 1502, "loss": 8.898783138751984, "epoch": 2, "_wandb": {"runtime": 43}}