{"batch loss": 1.5812934637069702, "_timestamp": 1658524781, "_runtime": 61, "_step": 279, "avg loss over epoch": 2.7472754997365616, "epoch": 7}