{"batch loss": 1.8459199054632336e-05, "_timestamp": 1658353953, "_runtime": 77, "_step": 1121, "avg loss over epoch": 5.146551258803811e-05, "epoch": 21}