{"batch loss": 10.162141799926758, "_timestamp": 1660151428, "_runtime": 133, "_step": 2671, "avg loss over epoch": 8.925463833015362, "epoch": 3}