{"batch loss": 6.041489601135254, "_timestamp": 1659974405, "_runtime": 45, "_step": 2001, "loss": 8.924845512390137, "epoch": 1, "_wandb": {"runtime": 47}}