{"batch loss": 3.2765440940856934, "_timestamp": 1658524448, "_runtime": 33, "_step": 1004, "avg loss over epoch": 2.963573649257957, "epoch": 2}