{"batch loss": 3.428256034851074, "_timestamp": 1657217513, "_runtime": 10, "_step": 50, "loss": 549.5836206245423, "epoch": 0, "_wandb": {"runtime": 25}}