{"batch loss": 1.551726222038269, "_timestamp": 1660074664, "_runtime": 99, "_step": 8003, "avg loss over epoch": 2.906497843064368, "epoch": 3, "_wandb": {"runtime": 104}}