{"batch loss": 5.808220863342285, "_timestamp": 1657222486, "_runtime": 40, "_step": 314, "loss": 3.203715948497548, "epoch": 8, "_wandb": {"runtime": 43}}