{"batch loss": 3.1189918518066406, "_timestamp": 1657218542, "_runtime": 115, "_step": 3029, "loss": 2.9630008602142333, "epoch": 29, "_wandb": {"runtime": 116}}