{"batch loss": 0.029030311852693558, "_timestamp": 1657304555, "_runtime": 150, "_step": 1399, "loss": 0.022495935766902918, "epoch": 39, "_wandb": {"runtime": 152}}