{"batch loss": 3.5542612075805664, "_timestamp": 1658256148, "_runtime": 72, "_step": 201, "avg loss over epoch": 3.7378496491909026, "epoch": 1, "_wandb": {"runtime": 77}}