{"batch loss": 10.574810981750488, "_timestamp": 1659837309, "_runtime": 35, "_step": 2001, "loss": 9.00303297328949, "epoch": 1, "_wandb": {"runtime": 36}}