{"batch loss": 1.9459506273269653, "_timestamp": 1657303896, "_runtime": 41, "_step": 1009, "loss": 3.545777574777603, "epoch": 9, "_wandb": {"runtime": 42}}