{"batch loss": 5.0460205078125, "_timestamp": 1657222433, "_runtime": 33, "_step": 155, "loss": 4.948327159881591, "epoch": 5, "_wandb": {"runtime": 38}}