{"batch loss": 2.99480938911438, "_timestamp": 1658329800, "_runtime": 29, "_step": 41, "avg loss over epoch": 3.0368226289749147, "epoch": 1, "_wandb": {"runtime": 39}}