{"batch loss": 0.35938867926597595, "_timestamp": 1657220142, "_runtime": 117, "_step": 3029, "loss": 0.7860231387615204, "epoch": 29, "_wandb": {"runtime": 119}}