{"batch loss": 6.681232929229736, "_timestamp": 1657217009, "_runtime": 11, "_step": 100, "loss": 6.529256848096847, "epoch": 0, "_wandb": {"runtime": 19}}