{"batch loss": 7.840978145599365, "_timestamp": 1659975733, "_runtime": 28, "_step": 2001, "loss": 9.003032984733581, "epoch": 1, "_wandb": {"runtime": 30}}