{"batch loss": 7.753812789916992, "_timestamp": 1660149454, "_runtime": 43, "_step": 1339, "loss": 8.896497695031995, "epoch": 3, "_wandb": {"runtime": 44}}