{"batch loss": 0.003244217485189438, "_timestamp": 1658766798, "_runtime": 476, "_step": 66799, "avg loss over epoch": 0.0033967724206788964, "epoch": 99, "_wandb": {"runtime": 478}}