{"batch loss": 3.292621374130249, "_timestamp": 1658264510, "_runtime": 10, "_step": 20, "avg loss over epoch": 4.034652745723724, "epoch": 0}