{"batch loss": 9.294107437133789, "_timestamp": 1660062552, "_runtime": 103, "_step": 2003, "loss": 8.898980690800268, "epoch": 2, "_wandb": {"runtime": 104}}