{"batch loss": 4.104394611204043e-05, "_timestamp": 1658354365, "_runtime": 329, "_step": 5099, "avg loss over epoch": 4.6794183035672176e-05, "epoch": 99, "_wandb": {"runtime": 331}}