{"batch loss": 2.3624298572540283, "_timestamp": 1657213147, "_runtime": 44, "_step": 50, "loss": 55.637285296916964, "epoch": 0, "_wandb": {"runtime": 50}}