{"batch loss": 61.17936325073242, "_timestamp": 1660595381.8427553, "_runtime": 49.4971604347229, "_step": 4009, "loss": 47.32130562782287, "epoch": 9}