{"batch loss": 0.4436107575893402, "_timestamp": 1659977239, "_runtime": 11, "_step": 500, "loss": 3.365736141324043, "epoch": 0, "_wandb": {"runtime": 14}}