{"batch loss": 1.7956008911132812, "_timestamp": 1660071464, "_runtime": 75, "_step": 2003, "loss": 1.490125459074974, "epoch": 3, "_wandb": {"runtime": 79}}