{"batch loss": 0.1567826271057129, "_timestamp": 1658781730, "_runtime": 30, "_step": 6669, "avg loss over epoch": 0.062125248317570436, "epoch": 1, "_wandb": {"runtime": 28}}