{"batch loss": 2.9699790477752686, "_timestamp": 1657213653, "_runtime": 10, "_step": 100, "loss": 822738.277202295, "epoch": 0, "_wandb": {"runtime": 11}}