{"batch loss": 11.185273170471191, "_timestamp": 1660062782, "_runtime": 23, "_step": 1202, "loss": 8.532066622972488, "epoch": 2}