{"batch loss": 2.984861135482788, "_timestamp": 1658259530, "_runtime": 9, "_step": 25, "loss": 106.47805459976196, "epoch": 0, "_wandb": {"runtime": 67}}