{"batch loss": 0.08358470350503922, "_timestamp": 1660055152, "_runtime": 222, "_step": 500, "avg loss over epoch": 0.18338720552623272, "epoch": 0}