{"batch loss": 3.2333343029022217, "_timestamp": 1657216384, "_runtime": 11, "_step": 17, "loss": 546921.5240057216, "epoch": 0, "_wandb": {"runtime": 13}}