{"batch loss": 0.0025360742583870888, "_timestamp": 1658767869, "_runtime": 732, "_step": 100199, "avg loss over epoch": 0.0022128830504421467, "epoch": 149, "_wandb": {"runtime": 734}}