{"batch loss": 3.270219564437866, "_timestamp": 1657305854, "_runtime": 153, "_step": 2039, "loss": 2.9617981195449827, "epoch": 39, "_wandb": {"runtime": 155}}