{"batch loss": 10.028700828552246, "_timestamp": 1657218687, "_runtime": 79, "_step": 1019, "loss": 10.254620552062988, "epoch": 19, "_wandb": {"runtime": 80}}