{"batch loss": 2.758638858795166, "_timestamp": 1658249074, "_runtime": 19, "_step": 100, "avg loss over epoch": 95.72813172578812, "epoch": 0, "_wandb": {"runtime": 19}}