{"batch loss": 2.9798827171325684, "_timestamp": 1657306028, "_runtime": 153, "_step": 1399, "loss": 2.9638936519622803, "epoch": 39, "_wandb": {"runtime": 154}}