{"batch loss": 9.708998680114746, "_timestamp": 1660071722, "_runtime": 68, "_step": 8003, "loss": 9.02909535241127, "epoch": 3, "_wandb": {"runtime": 69}}