{"batch loss": 12.875944137573242, "_timestamp": 1660149228, "_runtime": 132, "_step": 6002, "loss": 9.055157714486121, "epoch": 2, "_wandb": {"runtime": 136}}