{"batch loss": 0.04599769040942192, "_timestamp": 1660056592, "_runtime": 77, "_step": 1502, "avg loss over epoch": 0.08659912717342377, "epoch": 2, "_wandb": {"runtime": 111}}