{"batch loss": 6.495837442344055e-05, "_timestamp": 1658352393, "_runtime": 343, "_step": 5099, "avg loss over epoch": 5.1470783555487285e-05, "epoch": 99, "_wandb": {"runtime": 344}}