{"batch loss": 3.758401393890381, "_timestamp": 1658256527, "_runtime": 292, "_step": 1009, "avg loss over epoch": 2.9665717726945875, "epoch": 9, "_wandb": {"runtime": 290}}