{"batch loss": 2.6980040073394775, "_timestamp": 1658170418, "_runtime": 99, "_step": 524, "loss": 2.208607684163486, "epoch": 14, "_wandb": {"runtime": 100}}