{"batch loss": 9.531203269958496, "_timestamp": 1660150014, "_runtime": 8, "_step": 667, "loss": 8.632451165383724, "epoch": 0, "_wandb": {"runtime": 11}}