{"batch loss": 3.060431480407715, "_timestamp": 1660071334, "_runtime": 33, "_step": 1335, "loss": 2.9366178839639208, "epoch": 1}