{"batch loss": 8.804962158203125, "_timestamp": 1657219179, "_runtime": 40, "_step": 302, "loss": 10.03329080581665, "epoch": 2}