{"batch loss": 2.2663447856903076, "_timestamp": 1658330157, "_runtime": 72, "_step": 419, "avg loss over epoch": 2.231527656316757, "epoch": 19, "_wandb": {"runtime": 73}}