{"batch loss": 3.892423391342163, "_timestamp": 1658262680, "_runtime": 21, "_step": 41, "avg loss over epoch": 3.0999209880828857, "epoch": 1}