{"batch loss": 3.514784812927246, "_timestamp": 1660155294, "_runtime": 205, "_step": 8003, "avg loss over epoch": 3.8544510270357133, "epoch": 3}