{"batch loss": 8.04383659362793, "_timestamp": 1659977215, "_runtime": 18, "_step": 1000, "loss": 8.998724585533141, "epoch": 0, "_wandb": {"runtime": 16}}