{"batch loss": 1.4256614446640015, "_timestamp": 1658420173, "_runtime": 249, "_step": 2694, "avg loss over epoch": 0.42648471256389336, "epoch": 76}