{"batch loss": 0.04153396189212799, "_timestamp": 1659632337, "_runtime": 334, "_step": 13335, "avg loss over epoch": 0.05403201435147113, "epoch": 1}