{"batch loss": 3.318608522415161, "_timestamp": 1658331406, "_runtime": 6, "_step": 50, "avg loss over epoch": 2.9218559408187867, "epoch": 0, "_wandb": {"runtime": 9}}