{"batch loss": 3.176084041595459, "_timestamp": 1658259816, "_runtime": 48, "_step": 41, "loss": 3.151681590080261, "epoch": 1, "_wandb": {"runtime": 81}}