{"batch loss": 3.7910051345825195, "_timestamp": 1658262431, "_runtime": 20, "_step": 41, "avg loss over epoch": 3.0893547892570496, "epoch": 1}