{"batch loss": 2.071681261062622, "_timestamp": 1658261586, "_runtime": 10, "_step": 20, "avg loss over epoch": 3.9052809715270995, "epoch": 0}