{"batch loss": 2.0354526042938232, "_timestamp": 1657306429, "_runtime": 158, "_step": 4039, "loss": 2.9569435507059096, "epoch": 39, "_wandb": {"runtime": 160}}