{"batch loss": 12.605643272399902, "_timestamp": 1658250638, "_runtime": 47, "_step": 100, "avg loss over epoch": 95.9528059720993, "epoch": 0}