{"batch loss": 11.404756546020508, "_timestamp": 1658259615, "_runtime": 9, "_step": 50, "loss": 29999.185149383546, "epoch": 0}