{"batch loss": 8.515424728393555, "_timestamp": 1660060355, "_runtime": 16, "_step": 2000, "avg loss over epoch": 8.610254082918168, "epoch": 0}