{"batch loss": 0.0001434512814739719, "_timestamp": 1658353116, "_runtime": 30, "_step": 407, "avg loss over epoch": 0.00012185234860226046, "epoch": 7}