{"batch loss": 0.02384711056947708, "_timestamp": 1658781981, "_runtime": 170, "_step": 50024, "avg loss over epoch": 0.028694427424559094, "epoch": 14, "_wandb": {"runtime": 171}}