{"batch loss": 3.1741690635681152, "_timestamp": 1658176590, "_runtime": 105, "_step": 69, "loss": 4.64634572057163, "epoch": 1, "_wandb": {"runtime": 152}}