{"batch loss": 3.915539503097534, "_timestamp": 1658262319, "_runtime": 136, "_step": 209, "avg loss over epoch": 2.7412286758422852, "epoch": 9, "_wandb": {"runtime": 148}}