{"batch loss": 3.397301435470581, "_timestamp": 1657219856, "_runtime": 145, "_step": 2039, "loss": 3.0995013904571533, "epoch": 39, "_wandb": {"runtime": 147}}