{"batch loss": 4.4501423835754395, "_timestamp": 1657218286, "_runtime": 48, "_step": 1009, "loss": 2.9617949390411376, "epoch": 9, "_wandb": {"runtime": 49}}