{"batch loss": 3.0792596340179443, "_timestamp": 1657214455, "_runtime": 17, "_step": 17, "loss": 3.736782522762523, "epoch": 0, "_wandb": {"runtime": 17}}