{"batch loss": 0.4785282015800476, "_timestamp": 1658169888, "_runtime": 99, "_step": 764, "loss": 0.48700099021196364, "epoch": 14, "_wandb": {"runtime": 99}}