{"batch loss": 2.769993543624878, "_timestamp": 1658264611, "_runtime": 49, "_step": 41, "avg loss over epoch": 3.053048837184906, "epoch": 1, "_wandb": {"runtime": 222}}