{"batch loss": 10.144495010375977, "_timestamp": 1657213672, "_runtime": 9, "_step": 50, "loss": 970305.1555578804, "epoch": 0, "_wandb": {"runtime": 9}}