{"batch loss": 16.45540428161621, "_timestamp": 1658175023, "_runtime": 11, "_step": 20, "loss": 153.0847505569458, "epoch": 0}