{"batch loss": 4.078454971313477, "_timestamp": 1657214487, "_runtime": 18, "_step": 50, "loss": 5.079286606311798, "epoch": 0, "_wandb": {"runtime": 19}}