{"batch loss": 2.9498353004455566, "_timestamp": 1658169551, "_runtime": 107, "_step": 524, "loss": 3.0476809985497417, "epoch": 14, "_wandb": {"runtime": 106}}