{"batch loss": 0.7891300320625305, "_timestamp": 1658170306, "_runtime": 89, "_step": 389, "loss": 0.904217963218689, "epoch": 14, "_wandb": {"runtime": 91}}