{"batch loss": 3.140963554382324, "_timestamp": 1657220680, "_runtime": 79, "_step": 1019, "loss": 3.182746846675873, "epoch": 19, "_wandb": {"runtime": 82}}