{"batch loss": 9.37379264831543, "_timestamp": 1657304396, "_runtime": 161, "_step": 2039, "loss": 8.991512050628662, "epoch": 39, "_wandb": {"runtime": 161}}