{"batch loss": 2.258859395980835, "_timestamp": 1658175645, "_runtime": 22, "_step": 34, "loss": 3.3044321256525375, "epoch": 0}