{"batch loss": 9.694738388061523, "_timestamp": 1660149400, "_runtime": 82, "_step": 8003, "loss": 8.532066624879837, "epoch": 3, "_wandb": {"runtime": 83}}