{"batch loss": 2.0120851331739686e-05, "_timestamp": 1658353797, "_runtime": 53, "_step": 713, "avg loss over epoch": 5.010580858652247e-05, "epoch": 13}