{"batch loss": 6.83469820022583, "_timestamp": 1660150175, "_runtime": 41, "_step": 2001, "loss": 8.898783131718636, "epoch": 1}