{"batch loss": 2018.3709716796875, "_timestamp": 1657213199, "_runtime": 34, "_step": 100, "loss": 332634.3974989414, "epoch": 0, "_wandb": {"runtime": 51}}