{"batch loss": 0.12916027009487152, "_timestamp": 1658523721, "_runtime": 207, "_step": 8039, "avg loss over epoch": 0.11454031953286982, "epoch": 23}