{"batch loss": 2.384920597076416, "_timestamp": 1658331841, "_runtime": 12, "_step": 101, "avg loss over epoch": 2.9324774646759035, "epoch": 1, "_wandb": {"runtime": 14}}