{"batch loss": 3.2240545749664307, "_timestamp": 1658169433, "_runtime": 98, "_step": 764, "loss": 2.9749102282524107, "epoch": 14, "_wandb": {"runtime": 98}}