{"batch loss": 4.240211009979248, "_timestamp": 1660156198, "_runtime": 148, "_step": 8003, "avg loss over epoch": 3.8541042494773863, "epoch": 3, "_wandb": {"runtime": 177}}