{"batch loss": 0.048831019550561905, "_timestamp": 1657218417, "_runtime": 123, "_step": 1049, "loss": 0.05308369284167009, "epoch": 29, "_wandb": {"runtime": 125}}