{"batch loss": 10.618257522583008, "_timestamp": 1658249853, "_runtime": 89, "_step": 100, "avg loss over epoch": 74.17845479488373, "epoch": 0}