{"batch loss": 21.123125076293945, "_timestamp": 1657218601, "_runtime": 41, "_step": 349, "loss": 19.4942569732666, "epoch": 9, "_wandb": {"runtime": 42}}