{"batch loss": 0.0011028341250494123, "_timestamp": 1657304225, "_runtime": 153, "_step": 1399, "loss": 0.0014243036601007642, "epoch": 39, "_wandb": {"runtime": 155}}