{"batch loss": 88.0430908203125, "_timestamp": 1657303409, "_runtime": 46, "_step": 259, "loss": 103.02675567626953, "epoch": 9, "_wandb": {"runtime": 47}}