{"batch loss": 8.392213821411133, "_timestamp": 1657213972, "_runtime": 27, "_step": 25, "loss": 1618085.0467799855, "epoch": 0, "_wandb": {"runtime": 31}}