{"batch loss": 0.02196723222732544, "_timestamp": 1657219703, "_runtime": 150, "_step": 2039, "loss": 0.019247736930847168, "epoch": 39, "_wandb": {"runtime": 152}}