{"batch loss": 0.16286328434944153, "_timestamp": 1657303350, "_runtime": 44, "_step": 349, "loss": 0.2277853944722344, "epoch": 9, "_wandb": {"runtime": 46}}