{"batch loss": 2.8077940940856934, "_timestamp": 1657306204, "_runtime": 165, "_step": 4039, "loss": 3.036912263631821, "epoch": 39, "_wandb": {"runtime": 170}}