{"batch loss": 0.0004001743800472468, "_timestamp": 1658332260, "_runtime": 351, "_step": 5099, "avg loss over epoch": 0.0006617749214638025, "epoch": 99, "_wandb": {"runtime": 353}}