{"batch loss": 3.8484301567077637, "_timestamp": 1658177292, "_runtime": 15, "_step": 25, "loss": 27.420033407211303, "epoch": 0}