{"batch loss": 3.0075814723968506, "_timestamp": 1658329609, "_runtime": 22, "_step": 41, "avg loss over epoch": 3.0736133098602294, "epoch": 1, "_wandb": {"runtime": 40}}