{"batch loss": 9.116888046264648, "_timestamp": 1659970202, "_runtime": 56, "_step": 4001, "loss": 8.610254106044769, "epoch": 1, "_wandb": {"runtime": 62}}