{"batch loss": 3.137385129928589, "_timestamp": 1657304762, "_runtime": 44, "_step": 509, "loss": 3.134300022125244, "epoch": 9, "_wandb": {"runtime": 45}}