{"batch loss": 3.088356606895104e-05, "_timestamp": 1658354029, "_runtime": 65, "_step": 917, "avg loss over epoch": 5.1234066941106e-05, "epoch": 17}