{"batch loss": 2.878756284713745, "_timestamp": 1657304657, "_runtime": 41, "_step": 179, "loss": 2.9530875823077034, "epoch": 9, "_wandb": {"runtime": 43}}