{"batch loss": 2.644184112548828, "_timestamp": 1658175526, "_runtime": 27, "_step": 20, "loss": 3.4687592029571532, "epoch": 0}