{"batch loss": 3.7656090259552, "_timestamp": 1658264945, "_runtime": 10, "_step": 20, "avg loss over epoch": 3.9498183965682983, "epoch": 0}