{"batch loss": 4.760159969329834, "_timestamp": 1660155003, "_runtime": 71, "_step": 2000, "avg loss over epoch": 3.8540221952795983, "epoch": 0}