{"batch loss": 3.6584696769714355, "_timestamp": 1658262746, "_runtime": 20, "_step": 41, "avg loss over epoch": 3.026746916770935, "epoch": 1}