{"batch loss": 2.555300712585449, "_timestamp": 1660061621, "_runtime": 8, "_step": 400, "loss": 2.95395530551672, "epoch": 0}