{"batch loss": 0.01637054979801178, "_timestamp": 1658780809, "_runtime": 118, "_step": 29218, "avg loss over epoch": 0.0427278807944893, "epoch": 3}