{"batch loss": 8.162679672241211, "_timestamp": 1660150037, "_runtime": 10, "_step": 1000, "loss": 8.998766733169555, "epoch": 0}