{"batch loss": 2.6226747035980225, "_timestamp": 1658328531, "_runtime": 158, "_step": 41, "avg loss over epoch": 3.051059532165527, "epoch": 1}