{"batch loss": 4.081744194030762, "_timestamp": 1658264215, "_runtime": 11, "_step": 20, "avg loss over epoch": 4.084163200855255, "epoch": 0}