{"batch loss": 0.032774657011032104, "_timestamp": 1658781311, "_runtime": 480, "_step": 166699, "avg loss over epoch": 0.02524436541976307, "epoch": 24, "_wandb": {"runtime": 481}}