{"batch loss": 3.227353811264038, "_timestamp": 1658249211, "_runtime": 30, "_step": 100, "avg loss over epoch": 4.135105438232422, "epoch": 0, "_wandb": {"runtime": 119}}