{"batch loss": 5.0329250370850787e-05, "_timestamp": 1658353636, "_runtime": 441, "_step": 6578, "avg loss over epoch": 5.029646277762367e-05, "epoch": 128}