{"batch loss": 2.583895206451416, "_timestamp": 1659974788, "_runtime": 86, "_step": 2001, "loss": 2.938728019952774, "epoch": 1, "_wandb": {"runtime": 135}}