{"batch loss": 2.5725159645080566, "_timestamp": 1659975768, "_runtime": 22, "_step": 801, "loss": 2.9271132734417917, "epoch": 1, "_wandb": {"runtime": 24}}