{"batch loss": 2.8671107292175293, "_timestamp": 1659975496, "_runtime": 25, "_step": 801, "loss": 2.9404741609096527, "epoch": 1, "_wandb": {"runtime": 27}}