{"batch loss": 0.20423850417137146, "_timestamp": 1658169664, "_runtime": 102, "_step": 314, "loss": 0.24588165543973445, "epoch": 14, "_wandb": {"runtime": 103}}