{"batch loss": 3.152470350265503, "_timestamp": 1658261700, "_runtime": 10, "_step": 20, "avg loss over epoch": 3.8846951842308046, "epoch": 0}