{"batch loss": 3.267794370651245, "_timestamp": 1659975537, "_runtime": 30, "_step": 2001, "loss": 2.950753602087498, "epoch": 1, "_wandb": {"runtime": 32}}