{"batch loss": 4.326594829559326, "_timestamp": 1658259959, "_runtime": 47, "_step": 20, "avg loss over epoch": 4.010516273975372, "epoch": 0, "_wandb": {"runtime": 102}}