{"batch loss": 4.624929904937744, "_timestamp": 1659977017, "_runtime": 40, "_step": 4001, "loss": 2.9391701087355613, "epoch": 1, "_wandb": {"runtime": 42}}