{"batch loss": 3.388575315475464, "_timestamp": 1658328158, "_runtime": 22, "_step": 20, "avg loss over epoch": 4.016759598255158, "epoch": 0}