{"batch loss": 9.36901569366455, "_timestamp": 1659970802, "_runtime": 32, "_step": 4001, "loss": 9.003032977104187, "epoch": 1, "_wandb": {"runtime": 33}}