{"batch loss": 3.005161762237549, "_timestamp": 1658176943, "_runtime": 39, "_step": 201, "loss": 25.32683238208294, "epoch": 1, "_wandb": {"runtime": 74}}