{"batch loss": 0.008292696438729763, "_timestamp": 1658525486, "_runtime": 688, "_step": 3499, "avg loss over epoch": 0.020559482125784543, "epoch": 99, "_wandb": {"runtime": 688}}