{"batch loss": 4.906692981719971, "_timestamp": 1657217377, "_runtime": 14, "_step": 50, "loss": 5.753254060745239, "epoch": 0, "_wandb": {"runtime": 24}}