{"batch loss": 16.063556671142578, "_timestamp": 1657303619, "_runtime": 149, "_step": 1039, "loss": 15.902121505737306, "epoch": 39, "_wandb": {"runtime": 151}}