{"batch loss": 6.204998970031738, "_timestamp": 1660158377, "_runtime": 148, "_step": 8003, "avg loss over epoch": 3.8547226845026015, "epoch": 3, "_wandb": {"runtime": 162}}