{"batch loss": 5.324618177837692e-05, "_timestamp": 1658349803, "_runtime": 46, "_step": 101, "avg loss over epoch": 0.00010138205190742156, "epoch": 1, "_wandb": {"runtime": 47}}