{"batch loss": 5.651816368103027, "_timestamp": 1657217578, "_runtime": 32, "_step": 50, "loss": 5.314024930000305, "epoch": 0, "_wandb": {"runtime": 57}}