{"batch loss": 2.550570011138916, "_timestamp": 1658262792, "_runtime": 22, "_step": 41, "avg loss over epoch": 3.1340072751045227, "epoch": 1}